epoch,train_loss,train_iou,lr
1,0.659184,0.01880,1.00e-04
2,0.544082,0.00000,1.00e-04
3,0.420916,0.00000,1.00e-04
4,0.348548,0.04219,1.00e-04
5,0.297686,0.47989,1.00e-04
6,0.235145,0.76607,1.00e-04
7,0.150211,0.86581,1.00e-04
8,0.095338,0.89464,1.00e-04
9,0.075730,0.90894,9.99e-05
10,0.065794,0.91802,9.99e-05
11,0.059866,0.92464,9.99e-05
12,0.055155,0.92953,9.99e-05
13,0.052101,0.93336,9.99e-05
14,0.049261,0.93695,9.98e-05
15,0.046771,0.93997,9.98e-05
16,0.046079,0.94003,9.98e-05
17,0.044454,0.94138,9.98e-05
18,0.042964,0.94408,9.97e-05
19,0.042238,0.94486,9.97e-05
20,0.041266,0.94522,9.96e-05
21,0.039745,0.94795,9.96e-05
22,0.039891,0.94631,9.96e-05
23,0.040108,0.94536,9.95e-05
24,0.038336,0.94890,9.95e-05
25,0.037111,0.95083,9.94e-05
26,0.036718,0.95163,9.94e-05
27,0.036052,0.95192,9.93e-05
28,0.035342,0.95252,9.93e-05
29,0.034915,0.95256,9.92e-05
30,0.034473,0.95403,9.92e-05
31,0.033631,0.95470,9.91e-05
32,0.033617,0.95558,9.91e-05
33,0.033915,0.95419,9.90e-05
34,0.033922,0.95392,9.89e-05
35,0.031844,0.95769,9.89e-05
36,0.031837,0.95739,9.88e-05
37,0.033022,0.95459,9.87e-05
38,0.032238,0.95648,9.87e-05
39,0.031626,0.95713,9.86e-05
40,0.031555,0.95722,9.85e-05
41,0.032085,0.95633,9.84e-05
42,0.030536,0.95824,9.84e-05
43,0.031163,0.95756,9.83e-05
44,0.031380,0.95718,9.82e-05
45,0.030317,0.95843,9.81e-05
46,0.029813,0.95991,9.80e-05
47,0.029741,0.95972,9.79e-05
48,0.028981,0.96112,9.79e-05
49,0.028409,0.96208,9.78e-05
50,0.028111,0.96261,9.77e-05
51,0.028757,0.96062,9.76e-05
52,0.028080,0.96223,9.75e-05
53,0.028984,0.95967,9.74e-05
54,0.029308,0.95954,9.73e-05
55,0.027865,0.96197,9.72e-05
56,0.027538,0.96366,9.71e-05
57,0.028506,0.96071,9.70e-05
58,0.028439,0.96166,9.69e-05
59,0.027494,0.96174,9.67e-05
60,0.026879,0.96367,9.66e-05
61,0.027920,0.96100,9.65e-05
62,0.027444,0.96197,9.64e-05
63,0.026319,0.96492,9.63e-05
64,0.026713,0.96397,9.62e-05
65,0.028209,0.96065,9.61e-05
66,0.026909,0.96317,9.59e-05
67,0.026879,0.96284,9.58e-05
68,0.026736,0.96375,9.57e-05
69,0.026570,0.96352,9.56e-05
70,0.025217,0.96645,9.54e-05
71,0.026066,0.96440,9.53e-05
72,0.026286,0.96357,9.52e-05
73,0.026384,0.96340,9.50e-05
74,0.025992,0.96433,9.49e-05
75,0.025751,0.96528,9.47e-05
76,0.025315,0.96564,9.46e-05
77,0.025320,0.96534,9.45e-05
78,0.025883,0.96431,9.43e-05
79,0.025225,0.96592,9.42e-05
80,0.024162,0.96739,9.40e-05
81,0.024681,0.96654,9.39e-05
82,0.024737,0.96648,9.37e-05
83,0.024042,0.96701,9.36e-05
84,0.024916,0.96536,9.34e-05
85,0.023830,0.96752,9.33e-05
86,0.024260,0.96707,9.31e-05
87,0.024403,0.96661,9.29e-05
88,0.024141,0.96715,9.28e-05
89,0.024074,0.96751,9.26e-05
90,0.024329,0.96650,9.25e-05
91,0.023542,0.96876,9.23e-05
92,0.023799,0.96775,9.21e-05
93,0.023908,0.96719,9.20e-05
94,0.024903,0.96509,9.18e-05
95,0.023278,0.96799,9.16e-05
96,0.023665,0.96726,9.14e-05
97,0.022916,0.96899,9.13e-05
98,0.022862,0.96871,9.11e-05
99,0.023151,0.96845,9.09e-05
100,0.022979,0.96911,9.07e-05
101,0.024458,0.96571,9.05e-05
102,0.023655,0.96737,9.04e-05
103,0.023177,0.96852,9.02e-05
104,0.022195,0.97006,9.00e-05
105,0.022452,0.96973,8.98e-05
106,0.023640,0.96721,8.96e-05
107,0.022050,0.97049,8.94e-05
108,0.022225,0.97017,8.92e-05
109,0.022888,0.96808,8.90e-05
110,0.022417,0.96941,8.88e-05
111,0.022208,0.96988,8.86e-05
112,0.022817,0.96929,8.84e-05
113,0.022246,0.96942,8.82e-05
114,0.022128,0.96965,8.80e-05
115,0.022976,0.96806,8.78e-05
116,0.022254,0.96985,8.76e-05
117,0.022128,0.96973,8.74e-05
118,0.022882,0.96792,8.72e-05
119,0.022148,0.96937,8.70e-05
120,0.021631,0.97074,8.68e-05
121,0.021346,0.97086,8.66e-05
122,0.021295,0.97112,8.64e-05
123,0.021193,0.97140,8.62e-05
124,0.021513,0.97067,8.59e-05
125,0.020989,0.97144,8.57e-05
126,0.020590,0.97211,8.55e-05
127,0.020761,0.97150,8.53e-05
128,0.021719,0.97041,8.51e-05
129,0.021052,0.97140,8.48e-05
130,0.021170,0.97068,8.46e-05
131,0.020954,0.97144,8.44e-05
132,0.020459,0.97177,8.42e-05
133,0.021128,0.97058,8.39e-05
134,0.020815,0.97171,8.37e-05
135,0.020745,0.97151,8.35e-05
136,0.020364,0.97236,8.32e-05
137,0.021092,0.97101,8.30e-05
138,0.020619,0.97172,8.28e-05
139,0.021136,0.97063,8.25e-05
140,0.021326,0.97005,8.23e-05
141,0.020143,0.97252,8.21e-05
142,0.020636,0.97151,8.18e-05
143,0.020021,0.97252,8.16e-05
144,0.020219,0.97254,8.13e-05
145,0.019988,0.97274,8.11e-05
146,0.020885,0.97071,8.08e-05
147,0.020208,0.97210,8.06e-05
148,0.020200,0.97211,8.03e-05
149,0.020447,0.97110,8.01e-05
150,0.019825,0.97294,7.98e-05
151,0.020162,0.97247,7.96e-05
152,0.020563,0.97153,7.93e-05
153,0.019559,0.97332,7.91e-05
154,0.019436,0.97322,7.88e-05
155,0.020891,0.97051,7.86e-05
156,0.020197,0.97219,7.83e-05
157,0.019109,0.97379,7.81e-05
158,0.019415,0.97339,7.78e-05
159,0.019612,0.97258,7.75e-05
160,0.019149,0.97367,7.73e-05
161,0.018564,0.97514,7.70e-05
162,0.018898,0.97426,7.68e-05
163,0.019232,0.97332,7.65e-05
164,0.018096,0.97577,7.62e-05
165,0.018016,0.97592,7.60e-05
166,0.018586,0.97471,7.57e-05
167,0.019569,0.97279,7.54e-05
168,0.019550,0.97280,7.52e-05
169,0.018292,0.97564,7.49e-05
170,0.018239,0.97541,7.46e-05
171,0.018743,0.97427,7.43e-05
172,0.018866,0.97431,7.41e-05
173,0.018880,0.97357,7.38e-05
174,0.017847,0.97617,7.35e-05
175,0.019258,0.97341,7.32e-05
176,0.019254,0.97324,7.30e-05
177,0.018225,0.97508,7.27e-05
178,0.019001,0.97353,7.24e-05
179,0.018670,0.97406,7.21e-05
180,0.017868,0.97615,7.19e-05
181,0.018434,0.97420,7.16e-05
182,0.017553,0.97595,7.13e-05
183,0.017857,0.97564,7.10e-05
184,0.018039,0.97579,7.07e-05
185,0.017229,0.97706,7.04e-05
186,0.017935,0.97525,7.02e-05
187,0.018000,0.97518,6.99e-05
188,0.018281,0.97491,6.96e-05
189,0.017835,0.97535,6.93e-05
190,0.017528,0.97594,6.90e-05
191,0.017891,0.97541,6.87e-05
192,0.018757,0.97358,6.84e-05
193,0.018421,0.97429,6.81e-05
194,0.017404,0.97627,6.79e-05
195,0.017047,0.97660,6.76e-05
196,0.016907,0.97680,6.73e-05
197,0.017448,0.97638,6.70e-05
198,0.017831,0.97525,6.67e-05
199,0.017363,0.97557,6.64e-05
200,0.016400,0.97808,6.61e-05
201,0.017805,0.97479,6.58e-05
202,0.017006,0.97688,6.55e-05
203,0.016980,0.97679,6.52e-05
204,0.017372,0.97612,6.49e-05
205,0.016411,0.97825,6.46e-05
206,0.017161,0.97600,6.43e-05
207,0.016529,0.97773,6.40e-05
208,0.016613,0.97721,6.37e-05
209,0.017429,0.97605,6.34e-05
210,0.017506,0.97552,6.31e-05
211,0.017142,0.97652,6.28e-05
212,0.016873,0.97656,6.25e-05
213,0.016308,0.97771,6.22e-05
214,0.016563,0.97737,6.19e-05
215,0.016543,0.97736,6.16e-05
216,0.016535,0.97741,6.13e-05
217,0.015648,0.97925,6.10e-05
218,0.015641,0.97905,6.07e-05
219,0.015768,0.97862,6.04e-05
220,0.015673,0.97909,6.01e-05
221,0.015433,0.97959,5.98e-05
222,0.015960,0.97819,5.95e-05
223,0.016094,0.97819,5.92e-05
224,0.016213,0.97813,5.89e-05
225,0.016039,0.97795,5.86e-05
226,0.015638,0.97877,5.82e-05
227,0.015938,0.97836,5.79e-05
228,0.016387,0.97704,5.76e-05
229,0.016209,0.97753,5.73e-05
230,0.015815,0.97836,5.70e-05
231,0.015831,0.97824,5.67e-05
232,0.015857,0.97864,5.64e-05
233,0.017826,0.97489,5.61e-05
234,0.015994,0.97823,5.58e-05
235,0.015331,0.97958,5.55e-05
236,0.015959,0.97840,5.52e-05
237,0.016073,0.97771,5.48e-05
238,0.015615,0.97892,5.45e-05
239,0.015852,0.97817,5.42e-05
240,0.015220,0.97934,5.39e-05
241,0.015507,0.97886,5.36e-05
242,0.015973,0.97790,5.33e-05
243,0.015531,0.97888,5.30e-05
244,0.015668,0.97876,5.27e-05
245,0.015806,0.97815,5.24e-05
246,0.015179,0.97938,5.21e-05
247,0.014565,0.98044,5.17e-05
248,0.014802,0.98045,5.14e-05
249,0.015073,0.97949,5.11e-05
250,0.015222,0.97925,5.08e-05
251,0.015099,0.97939,5.05e-05
252,0.015010,0.97975,5.02e-05
253,0.015798,0.97826,4.99e-05
254,0.015250,0.97875,4.96e-05
255,0.014668,0.98058,4.93e-05
256,0.014440,0.98046,4.89e-05
257,0.014850,0.98020,4.86e-05
258,0.014648,0.97981,4.83e-05
259,0.014880,0.97962,4.80e-05
260,0.014794,0.97997,4.77e-05
261,0.014450,0.98062,4.74e-05
262,0.014904,0.97999,4.71e-05
263,0.014311,0.98065,4.68e-05
264,0.014157,0.98101,4.65e-05
265,0.014299,0.98047,4.62e-05
266,0.014499,0.98032,4.58e-05
267,0.014007,0.98131,4.55e-05
268,0.014118,0.98108,4.52e-05
269,0.014070,0.98129,4.49e-05
270,0.014364,0.98072,4.46e-05
271,0.014407,0.98047,4.43e-05
272,0.014409,0.98051,4.40e-05
273,0.013985,0.98137,4.37e-05
274,0.014272,0.98080,4.34e-05
275,0.013922,0.98179,4.31e-05
276,0.014270,0.98045,4.28e-05
277,0.014341,0.98038,4.24e-05
278,0.014544,0.98045,4.21e-05
279,0.015076,0.97913,4.18e-05
280,0.014368,0.98071,4.15e-05
281,0.013773,0.98155,4.12e-05
282,0.014356,0.98051,4.09e-05
283,0.014579,0.97987,4.06e-05
284,0.013863,0.98153,4.03e-05
285,0.013411,0.98226,4.00e-05
286,0.013548,0.98216,3.97e-05
287,0.013738,0.98144,3.94e-05
288,0.013273,0.98268,3.91e-05
289,0.013189,0.98250,3.88e-05
290,0.013478,0.98180,3.85e-05
291,0.013315,0.98257,3.82e-05
292,0.013056,0.98278,3.79e-05
293,0.013496,0.98202,3.76e-05
294,0.013436,0.98221,3.73e-05
295,0.013210,0.98258,3.70e-05
296,0.012882,0.98340,3.67e-05
297,0.013168,0.98229,3.64e-05
298,0.013083,0.98301,3.61e-05
299,0.013069,0.98259,3.58e-05
300,0.012588,0.98356,3.55e-05
301,0.012966,0.98303,3.52e-05
302,0.013129,0.98247,3.49e-05
303,0.013060,0.98284,3.46e-05
304,0.013047,0.98259,3.43e-05
305,0.012645,0.98345,3.40e-05
306,0.013107,0.98261,3.37e-05
307,0.013077,0.98269,3.34e-05
308,0.012807,0.98313,3.31e-05
309,0.013149,0.98260,3.29e-05
310,0.013000,0.98262,3.26e-05
311,0.012769,0.98333,3.23e-05
312,0.012772,0.98296,3.20e-05
313,0.012591,0.98363,3.17e-05
314,0.012490,0.98364,3.14e-05
315,0.012287,0.98424,3.11e-05
316,0.012712,0.98339,3.08e-05
317,0.012391,0.98404,3.06e-05
318,0.012550,0.98349,3.03e-05
319,0.012227,0.98428,3.00e-05
320,0.012136,0.98449,2.97e-05
321,0.012237,0.98413,2.94e-05
322,0.012218,0.98427,2.91e-05
323,0.012198,0.98401,2.89e-05
324,0.012602,0.98339,2.86e-05
325,0.012389,0.98394,2.83e-05
326,0.011998,0.98465,2.80e-05
327,0.012023,0.98454,2.78e-05
328,0.012069,0.98425,2.75e-05
329,0.012151,0.98397,2.72e-05
330,0.011959,0.98465,2.69e-05
331,0.011868,0.98449,2.67e-05
332,0.012494,0.98379,2.64e-05
333,0.011914,0.98488,2.61e-05
334,0.011998,0.98448,2.58e-05
335,0.012043,0.98419,2.56e-05
336,0.011786,0.98474,2.53e-05
337,0.011730,0.98504,2.50e-05
338,0.011586,0.98540,2.48e-05
339,0.011616,0.98535,2.45e-05
340,0.011807,0.98456,2.42e-05
341,0.011733,0.98495,2.40e-05
342,0.011526,0.98540,2.37e-05
343,0.011675,0.98506,2.35e-05
344,0.011695,0.98481,2.32e-05
345,0.011943,0.98449,2.29e-05
346,0.011867,0.98458,2.27e-05
347,0.011529,0.98533,2.24e-05
348,0.011276,0.98597,2.22e-05
349,0.011530,0.98517,2.19e-05
350,0.011520,0.98528,2.17e-05
351,0.011446,0.98521,2.14e-05
352,0.011384,0.98552,2.12e-05
353,0.011529,0.98540,2.09e-05
354,0.011554,0.98503,2.07e-05
355,0.011430,0.98504,2.04e-05
356,0.011329,0.98580,2.02e-05
357,0.011161,0.98587,1.99e-05
358,0.011104,0.98602,1.97e-05
359,0.011180,0.98592,1.94e-05
360,0.011336,0.98546,1.92e-05
361,0.010918,0.98635,1.89e-05
362,0.011216,0.98565,1.87e-05
363,0.011173,0.98600,1.85e-05
364,0.011169,0.98595,1.82e-05
365,0.011237,0.98575,1.80e-05
366,0.010987,0.98637,1.78e-05
367,0.010964,0.98623,1.75e-05
368,0.011038,0.98617,1.73e-05
369,0.010928,0.98638,1.71e-05
370,0.010937,0.98648,1.68e-05
371,0.011052,0.98606,1.66e-05
372,0.010774,0.98674,1.64e-05
373,0.010772,0.98677,1.62e-05
374,0.010722,0.98675,1.59e-05
375,0.010898,0.98611,1.57e-05
376,0.010818,0.98639,1.55e-05
377,0.010830,0.98632,1.53e-05
378,0.010849,0.98618,1.51e-05
379,0.010926,0.98607,1.48e-05
380,0.010905,0.98623,1.46e-05
381,0.010614,0.98681,1.44e-05
382,0.010686,0.98667,1.42e-05
383,0.010788,0.98662,1.40e-05
384,0.010766,0.98652,1.38e-05
385,0.010578,0.98690,1.36e-05
386,0.010534,0.98703,1.34e-05
387,0.010553,0.98692,1.32e-05
388,0.010537,0.98694,1.30e-05
389,0.010615,0.98694,1.28e-05
390,0.010629,0.98642,1.26e-05
391,0.010546,0.98684,1.24e-05
392,0.010472,0.98710,1.22e-05
393,0.010326,0.98741,1.20e-05
394,0.010438,0.98720,1.18e-05
395,0.010368,0.98745,1.16e-05
396,0.010479,0.98707,1.14e-05
397,0.010289,0.98746,1.12e-05
398,0.010484,0.98699,1.10e-05
399,0.010375,0.98730,1.08e-05
400,0.010226,0.98755,1.06e-05
401,0.010320,0.98737,1.05e-05
402,0.010235,0.98757,1.03e-05
403,0.010338,0.98750,1.01e-05
404,0.010216,0.98739,9.91e-06
405,0.010156,0.98764,9.74e-06
406,0.010392,0.98719,9.56e-06
407,0.010453,0.98726,9.39e-06
408,0.010110,0.98765,9.21e-06
409,0.010110,0.98774,9.04e-06
410,0.010080,0.98773,8.87e-06
411,0.010068,0.98792,8.71e-06
412,0.009940,0.98825,8.54e-06
413,0.009956,0.98808,8.38e-06
414,0.009970,0.98803,8.21e-06
415,0.010122,0.98778,8.05e-06
416,0.009998,0.98780,7.89e-06
417,0.010038,0.98775,7.74e-06
418,0.009969,0.98796,7.58e-06
419,0.010150,0.98776,7.43e-06
420,0.009893,0.98815,7.27e-06
421,0.009999,0.98771,7.12e-06
422,0.009870,0.98814,6.97e-06
423,0.009896,0.98821,6.83e-06
424,0.009842,0.98824,6.68e-06
425,0.009845,0.98855,6.54e-06
426,0.009907,0.98823,6.40e-06
427,0.009829,0.98850,6.25e-06
428,0.009896,0.98795,6.12e-06
429,0.009832,0.98820,5.98e-06
430,0.009755,0.98842,5.84e-06
431,0.009824,0.98828,5.71e-06
432,0.009718,0.98843,5.58e-06
433,0.009738,0.98858,5.45e-06
434,0.009637,0.98862,5.32e-06
435,0.009816,0.98840,5.20e-06
436,0.009794,0.98847,5.07e-06
437,0.009756,0.98819,4.95e-06
438,0.009669,0.98854,4.83e-06
439,0.009720,0.98849,4.71e-06
440,0.009662,0.98848,4.59e-06
441,0.009613,0.98869,4.48e-06
442,0.009651,0.98837,4.36e-06
443,0.009643,0.98850,4.25e-06
444,0.009571,0.98872,4.14e-06
445,0.009627,0.98853,4.03e-06
446,0.009579,0.98863,3.93e-06
447,0.009613,0.98860,3.82e-06
448,0.009604,0.98867,3.72e-06
449,0.009540,0.98883,3.62e-06
450,0.009580,0.98866,3.52e-06
451,0.009629,0.98866,3.42e-06
452,0.009582,0.98866,3.33e-06
453,0.009542,0.98888,3.23e-06
454,0.009533,0.98882,3.14e-06
455,0.009519,0.98875,3.05e-06
456,0.009574,0.98881,2.97e-06
457,0.009540,0.98903,2.88e-06
458,0.009485,0.98895,2.80e-06
459,0.009489,0.98881,2.71e-06
460,0.009467,0.98885,2.63e-06
461,0.009444,0.98893,2.56e-06
462,0.009441,0.98915,2.48e-06
463,0.009470,0.98898,2.40e-06
464,0.009454,0.98904,2.33e-06
465,0.009456,0.98915,2.26e-06
466,0.009389,0.98898,2.19e-06
467,0.009409,0.98904,2.13e-06
468,0.009383,0.98908,2.06e-06
469,0.009446,0.98906,2.00e-06
470,0.009355,0.98939,1.94e-06
471,0.009368,0.98901,1.88e-06
472,0.009402,0.98903,1.82e-06
473,0.009378,0.98905,1.76e-06
474,0.009371,0.98900,1.71e-06
475,0.009390,0.98918,1.66e-06
476,0.009378,0.98909,1.61e-06
477,0.009378,0.98917,1.56e-06
478,0.009365,0.98921,1.52e-06
479,0.009358,0.98920,1.47e-06
480,0.009344,0.98929,1.43e-06
481,0.009443,0.98901,1.39e-06
482,0.009395,0.98913,1.35e-06
483,0.009347,0.98918,1.32e-06
484,0.009342,0.98921,1.28e-06
485,0.009343,0.98916,1.25e-06
486,0.009339,0.98913,1.22e-06
487,0.009360,0.98919,1.19e-06
488,0.009401,0.98910,1.17e-06
489,0.009312,0.98910,1.14e-06
490,0.009372,0.98914,1.12e-06
491,0.009346,0.98929,1.10e-06
492,0.009330,0.98917,1.08e-06
493,0.009323,0.98904,1.06e-06
494,0.009374,0.98919,1.05e-06
495,0.009360,0.98906,1.04e-06
496,0.009346,0.98916,1.02e-06
497,0.009330,0.98913,1.02e-06
498,0.009269,0.98915,1.01e-06
499,0.009363,0.98917,1.00e-06
500,0.009307,0.98916,1.00e-06
